{
  "name": "primalbox",
  "title": "PrimalBox",
  "description": "",
  "authors": [],
  "url": "https://github.com/FranzWarm/primalbox",
  "flags": {},
  "version": "1.0.1",
  "minimumCoreVersion": "9",
  "compatibleCoreVersion": "9",
  "scripts": [],
  "esmodules": [],
  "styles": [
    "module/css/primalbox.css"
  ],
  "languages": [],
  "packs": [
    {
      "label": "Equipment",
      "type": "Item",
      "name": "equipment",
      "path": "packs/equipment.db",
      "system": "sandbox",
      "package": "world",
      "entity": "Item",
      "private": false
    },
    {
      "label": "Credits and License",
      "type": "JournalEntry",
      "name": "credits-and-license",
      "path": "packs/credits-and-license.db",
      "system": "sandbox",
      "package": "world",
      "entity": "JournalEntry",
      "private": false
    }
  ],
  "system": "sandbox",
  "dependencies": [],
  "socket": false,
  "manifest": "https://github.com/FranzWarm/primalbox/releases/download/1.0.1/world.json",
  "download": "https://github.com/FranzWarm/primalbox/releases/download/1.0.1/primalbox.zip",
  "protected": false,
  "background": "worlds/primalbox/module/imgs/Font-de-Gaume_BG.webp",
  "coreVersion": "9.269",
  "nextSession": null,
  "resetKeys": false,
  "safeMode": false,
  "systemVersion": "0.13.4"
}